{
  "task": "regression",
  "baseline_results": {
    "mae_scores": [
      0.5916608393192292,
      0.5243345767259598,
      0.4885047614574433
    ],
    "r2_scores": [
      -0.011416792869567871,
      -0.06907796859741211,
      -0.024350523948669434
    ],
    "metric_names": [
      "mae",
      "r2"
    ]
  },
  "hybrid_results": {
    "mae_scores": [
      0.6208831101655962,
      0.5302982509136202,
      0.5017364323139192
    ],
    "r2_scores": [
      -0.02487635612487793,
      -0.0192413330078125,
      -0.2347174882888794
    ],
    "metric_names": [
      "mae",
      "r2"
    ]
  },
  "fold_scores": [
    {
      "baseline": {
        "mae": 0.5916608393192292,
        "r2": -0.011416792869567871
      },
      "hybrid": {
        "mae": 0.6208831101655962,
        "r2": -0.02487635612487793
      }
    },
    {
      "baseline": {
        "mae": 0.5243345767259598,
        "r2": -0.06907796859741211
      },
      "hybrid": {
        "mae": 0.5302982509136202,
        "r2": -0.0192413330078125
      }
    },
    {
      "baseline": {
        "mae": 0.4885047614574433,
        "r2": -0.024350523948669434
      },
      "hybrid": {
        "mae": 0.5017364323139192,
        "r2": -0.2347174882888794
      }
    }
  ]
}