{
  "mae": 0.4961765706539154,
  "r2": -0.010190689314397705,
  "auc": 0.6794871794871795
}