{
  "mae": 0.4783783555030823,
  "r2": -0.026480476948089082,
  "auc": 0.7820512820512822
}