{
  "mae": 0.7132482528686523,
  "r2": -0.24433209053159288,
  "auc": 0.7395833333333333
}