{
  "mae": 0.5197330713272095,
  "r2": -0.040726142252575315,
  "auc": 0.6666666666666667
}