{
  "mae": 0.4631288945674896,
  "r2": -0.020999166053016882,
  "auc": 0.6904761904761905
}