{
  "mae": 6.592114448547363,
  "r2": -120.70056543936774
}