{
  "mae": 4.988034725189209,
  "r2": -80.30395584768509
}