{
  "mae": 4.356473445892334,
  "r2": -34.504603805307816
}