{
  "mae": 5.333436012268066,
  "r2": -69.99832932744079
}