{
  "mae": 6.210043430328369,
  "r2": -106.01980906903145
}